Procesado,ID,Petición (Tiempo),Método,URL,Código,Razón,RTT,Tamaño de la Cabecera de Respuesta,Respuesta (Tamaño del cuerpo),Alerta mayor,Nota,Etiquetas
Procesado,1527,Tue Dec 23 08:27:57 ECT 2025,GET,http://localhost:3000/graphql,200,OK,15,265,18093,Medio,false,Script
Procesado,1528,Tue Dec 23 08:27:57 ECT 2025,GET,http://cdn.jsdelivr.net/npm/@apollographql/graphql-playground-react@1.7.42/build/static/css/index.css,301,Moved Permanently,246,405,0,Informativo,false,
Procesado,1537,Tue Dec 23 08:27:59 ECT 2025,GET,http://cdn.jsdelivr.net/npm/@apollographql/graphql-playground-react@1.7.42/build/static/js/middleware.js,301,Moved Permanently,171,408,0,Informativo,false,
Procesado,1539,Tue Dec 23 08:27:54 ECT 2025,GET,https://firefox-settings-attachments.cdn.mozilla.net/bundles/startup.json.mozlz4,200,OK,5338,841,315000,Bajo,false,Comment
Procesado,1542,Tue Dec 23 08:27:59 ECT 2025,GET,https://cdn.jsdelivr.net/npm/@apollographql/graphql-playground-react@1.7.42/build/static/css/index.css,200,OK,426,764,713,Medio,false,Comment
Procesado,1575,Tue Dec 23 08:27:59 ECT 2025,GET,https://cdn.jsdelivr.net/npm/@apollographql/graphql-playground-react@1.7.42/build/static/js/middleware.js,200,OK,2862,785,2406901,Medio,false,"Script,Comment"
Procesado,1578,Tue Dec 23 08:28:04 ECT 2025,POST,http://localhost:3000/graphql,200,OK,50,297,43314,,false,
Procesado,1579,Tue Dec 23 08:28:05 ECT 2025,POST,http://localhost:3000/graphql,200,OK,31,297,43314,,false,
Procesado,1580,Tue Dec 23 08:28:06 ECT 2025,GET,http://localhost:3000/graphql,304,Not Modified,8,212,0,,false,
Procesado,1582,Tue Dec 23 08:28:06 ECT 2025,GET,http://cdn.jsdelivr.net/npm/@apollographql/graphql-playground-react@1.7.42/build/static/css/index.css,301,Moved Permanently,43,405,0,,false,
Procesado,1583,Tue Dec 23 08:28:06 ECT 2025,GET,http://cdn.jsdelivr.net/npm/@apollographql/graphql-playground-react@1.7.42/build/static/js/middleware.js,301,Moved Permanently,39,408,0,,false,
Procesado,1585,Tue Dec 23 08:28:08 ECT 2025,POST,http://localhost:3000/graphql,200,OK,55,297,43314,,false,
Procesado,1586,Tue Dec 23 08:28:10 ECT 2025,POST,http://localhost:3000/graphql,200,OK,32,297,43314,,false,
Procesado,1589,Tue Dec 23 08:28:11 ECT 2025,POST,http://localhost:3000/graphqlVLUVDKdU,404,Not Found,7,274,79,,false,
Procesado,1592,Tue Dec 23 08:28:12 ECT 2025,POST,http://localhost:3000/graphqlVLUVDKdU,404,Not Found,7,274,79,,false,
Procesado,1595,Tue Dec 23 08:28:17 ECT 2025,POST,http://localhost:3000/graphqlVLUVDKdU,404,Not Found,13,274,79,,false,JSON
Procesado,1596,Tue Dec 23 08:28:17 ECT 2025,GET,http://localhost:3000/graphql,200,OK,15,265,18093,,false,
Procesado,1597,Tue Dec 23 08:28:17 ECT 2025,GET,http://cdn.jsdelivr.net/npm/@apollographql/graphql-playground-react@1.7.42/build/static/js/middleware.js,301,Moved Permanently,47,408,0,,false,
Procesado,1598,Tue Dec 23 08:28:17 ECT 2025,GET,http://cdn.jsdelivr.net/npm/@apollographql/graphql-playground-react@1.7.42/build/static/css/index.css,301,Moved Permanently,40,405,0,,false,
Procesado,1602,Tue Dec 23 08:28:18 ECT 2025,GET,https://cdn.jsdelivr.net/npm/@apollographql/graphql-playground-react@1.7.42/build/static/css/index.css,200,OK,210,763,713,,false,
Procesado,1605,Tue Dec 23 08:28:17 ECT 2025,GET,https://cdn.jsdelivr.net/npm/@apollographql/graphql-playground-react@1.7.42/build/static/js/middleware.js,200,OK,1991,784,2406901,,false,
Procesado,1607,Tue Dec 23 08:28:20 ECT 2025,POST,http://localhost:3000/graphqlVLUVDKdUOizFMtjc,404,Not Found,7,274,87,,false,
Procesado,1611,Tue Dec 23 08:28:21 ECT 2025,GET,http://localhost:3000/graphql,304,Not Modified,11,212,0,,false,
Procesado,1612,Tue Dec 23 08:28:21 ECT 2025,POST,http://localhost:3000/graphqlVLUVDKdUOizFMtjc,404,Not Found,3,274,87,,false,
Procesado,1614,Tue Dec 23 08:28:21 ECT 2025,GET,http://cdn.jsdelivr.net/npm/@apollographql/graphql-playground-react@1.7.42/build/static/css/index.css,301,Moved Permanently,39,405,0,,false,
Procesado,1615,Tue Dec 23 08:28:21 ECT 2025,GET,http://cdn.jsdelivr.net/npm/@apollographql/graphql-playground-react@1.7.42/build/static/js/middleware.js,301,Moved Permanently,41,408,0,,false,
Procesado,1617,Tue Dec 23 08:28:22 ECT 2025,POST,http://localhost:3000/graphql,200,OK,31,297,43314,,false,
Procesado,1618,Tue Dec 23 08:28:23 ECT 2025,POST,http://localhost:3000/graphqlVLUVDKdUOizFMtjc,404,Not Found,2,274,87,,false,
Procesado,1619,Tue Dec 23 08:28:23 ECT 2025,POST,http://localhost:3000/graphql,200,OK,39,297,43314,,false,
Procesado,1622,Tue Dec 23 08:28:24 ECT 2025,POST,http://localhost:3000/graphqlZCZURYVn,404,Not Found,5,274,79,,false,
Procesado,1625,Tue Dec 23 08:28:25 ECT 2025,GET,http://localhost:3000/graphql,304,Not Modified,4,212,0,,false,
Procesado,1626,Tue Dec 23 08:28:25 ECT 2025,POST,http://localhost:3000/graphqlVLUVDKdUOizFMtjcVLUVDKdU,404,Not Found,2,274,95,,false,
Procesado,1630,Tue Dec 23 08:28:25 ECT 2025,POST,http://localhost:3000/graphqlZCZURYVn,404,Not Found,2,274,79,,false,
Procesado,1631,Tue Dec 23 08:28:25 ECT 2025,GET,http://cdn.jsdelivr.net/npm/@apollographql/graphql-playground-react@1.7.42/build/static/css/index.css,301,Moved Permanently,44,405,0,,false,
Procesado,1632,Tue Dec 23 08:28:25 ECT 2025,GET,http://cdn.jsdelivr.net/npm/@apollographql/graphql-playground-react@1.7.42/build/static/js/middleware.js,301,Moved Permanently,38,408,0,,false,
Procesado,1634,Tue Dec 23 08:28:27 ECT 2025,POST,http://localhost:3000/graphqlZCZURYVnUYaYYITS,404,Not Found,3,274,87,,false,
Procesado,1637,Tue Dec 23 08:28:27 ECT 2025,POST,http://localhost:3000/graphqlVLUVDKdUOizFMtjc,404,Not Found,15,274,87,,false,
Procesado,1640,Tue Dec 23 08:28:28 ECT 2025,POST,http://localhost:3000/graphqlZCZURYVnUYaYYITS,404,Not Found,3,274,87,,false,
Procesado,1641,Tue Dec 23 08:28:29 ECT 2025,POST,http://localhost:3000/graphqlVLUVDKdUOizFMtjcnZkVymYt,404,Not Found,4,274,95,,false,
Procesado,1644,Tue Dec 23 08:28:29 ECT 2025,GET,http://localhost:3000/graphql,304,Not Modified,3,212,0,,false,
Procesado,1646,Tue Dec 23 08:28:29 ECT 2025,GET,http://cdn.jsdelivr.net/npm/@apollographql/graphql-playground-react@1.7.42/build/static/js/middleware.js,301,Moved Permanently,146,408,0,,false,
Procesado,1647,Tue Dec 23 08:28:29 ECT 2025,GET,http://cdn.jsdelivr.net/npm/@apollographql/graphql-playground-react@1.7.42/build/static/css/index.css,301,Moved Permanently,146,405,0,,false,
Procesado,1649,Tue Dec 23 08:28:30 ECT 2025,GET,http://localhost:3000/graphql,200,OK,4,265,18093,,false,
Procesado,1650,Tue Dec 23 08:28:30 ECT 2025,POST,http://localhost:3000/graphqlVLUVDKdUOizFMtjcnZkVymYt,404,Not Found,19,274,95,,false,
Procesado,1655,Tue Dec 23 08:28:31 ECT 2025,GET,http://cdn.jsdelivr.net/npm/@apollographql/graphql-playground-react@1.7.42/build/static/css/index.css,301,Moved Permanently,42,405,0,,false,
Procesado,1656,Tue Dec 23 08:28:31 ECT 2025,GET,http://cdn.jsdelivr.net/npm/@apollographql/graphql-playground-react@1.7.42/build/static/js/middleware.js,301,Moved Permanently,40,408,0,,false,
Procesado,1658,Tue Dec 23 08:28:31 ECT 2025,GET,https://cdn.jsdelivr.net/npm/@apollographql/graphql-playground-react@1.7.42/build/static/css/index.css,200,OK,237,763,713,,false,
Procesado,1659,Tue Dec 23 08:28:32 ECT 2025,POST,http://localhost:3000/graphqlVLUVDKdUOizFMtjcnZkVymYtGdqLmJDc,404,Not Found,5,275,103,,false,
Procesado,1662,Tue Dec 23 08:28:32 ECT 2025,POST,http://localhost:3000/graphqlZCZURYVnUYaYYITS,404,Not Found,7,274,87,,false,
Procesado,1663,Tue Dec 23 08:28:33 ECT 2025,POST,http://localhost:3000/graphqlVLUVDKdUOizFMtjcnZkVymYtGdqLmJDc,404,Not Found,2,275,103,,false,
Procesado,1664,Tue Dec 23 08:28:31 ECT 2025,GET,https://cdn.jsdelivr.net/npm/@apollographql/graphql-playground-react@1.7.42/build/static/js/middleware.js,200,OK,1945,784,2406901,,false,
Procesado,1666,Tue Dec 23 08:28:34 ECT 2025,POST,http://localhost:3000/graphqlVLUVDKdUOizFMtjcnZkVymYtGdqLmJDcufBShEqO,404,Not Found,7,275,111,,false,
Procesado,1669,Tue Dec 23 08:28:35 ECT 2025,POST,http://localhost:3000/graphqlVLUVDKdUOizFMtjcnZkVymYtGdqLmJDcufBShEqO,404,Not Found,4,275,111,,false,
Procesado,1670,Tue Dec 23 08:28:35 ECT 2025,POST,http://localhost:3000/graphqlZCZURYVnUYaYYITSVLUVDKdU,404,Not Found,13,274,95,,false,
Procesado,1674,Tue Dec 23 08:28:36 ECT 2025,POST,http://localhost:3000/graphqlVLUVDKdUOizFMtjcnZkVymYtGdqLmJDcufBShEqOoBWWxtfg,404,Not Found,13,275,119,,false,
Procesado,1677,Tue Dec 23 08:28:36 ECT 2025,POST,http://localhost:3000/graphqlZCZURYVnUYaYYITSVLUVDKdU,404,Not Found,8,274,95,,false,
Procesado,1678,Tue Dec 23 08:28:37 ECT 2025,POST,http://localhost:3000/graphqlVLUVDKdUOizFMtjcnZkVymYtGdqLmJDcufBShEqOoBWWxtfg,404,Not Found,3,275,119,,false,
Procesado,1679,Tue Dec 23 08:28:38 ECT 2025,POST,http://localhost:3000/graphql,200,OK,76,297,43314,,false,
Procesado,1680,Tue Dec 23 08:28:38 ECT 2025,POST,http://localhost:3000/graphqlVLUVDKdUOizFMtjcnZkVymYtGdqLmJDcufBShEqOoBWWxtfgCTrCvDhB,404,Not Found,4,275,127,,false,
Procesado,1683,Tue Dec 23 08:28:38 ECT 2025,POST,http://localhost:3000/graphql,200,OK,44,297,43314,,false,
Procesado,1684,Tue Dec 23 08:28:39 ECT 2025,POST,http://localhost:3000/graphqlVLUVDKdUOizFMtjcnZkVymYtGdqLmJDcufBShEqOoBWWxtfgCTrCvDhB,404,Not Found,4,275,127,,false,
Procesado,1685,Tue Dec 23 08:28:40 ECT 2025,POST,http://localhost:3000/graphqlVLUVDKdUOizFMtjcnZkVymYtGdqLmJDcufBShEqOoBWWxtfgCTrCvDhBNDMJgZeI,404,Not Found,9,275,135,,false,
Procesado,1690,Tue Dec 23 08:28:41 ECT 2025,POST,http://localhost:3000/graphqlXrAfrsWy,404,Not Found,2,274,79,,false,
Procesado,1694,Tue Dec 23 08:28:41 ECT 2025,POST,http://localhost:3000/graphqlVLUVDKdUOizFMtjcnZkVymYtGdqLmJDcufBShEqOoBWWxtfgCTrCvDhBNDMJgZeI,404,Not Found,4,275,135,,false,
Procesado,1695,Tue Dec 23 08:28:41 ECT 2025,POST,http://localhost:3000/graphqlZCZURYVnUYaYYITSVLUVDKdUkXJzltQL,404,Not Found,8,275,103,,false,
Procesado,1698,Tue Dec 23 08:28:41 ECT 2025,POST,http://localhost:3000/graphqlXrAfrsWy,404,Not Found,17,274,79,,false,
Procesado,1699,Tue Dec 23 08:28:41 ECT 2025,POST,http://localhost:3000/graphqlVLUVDKdUOizFMtjcnZkVymYtGdqLmJDcufBShEqOoBWWxtfgCTrCvDhBNDMJgZeIOzhjutAO,404,Not Found,3,275,143,,false,
Procesado,1702,Tue Dec 23 08:28:42 ECT 2025,POST,http://localhost:3000/graphqlZCZURYVnUYaYYITSVLUVDKdUkXJzltQL,404,Not Found,3,275,103,,false,
Procesado,1703,Tue Dec 23 08:28:42 ECT 2025,POST,http://localhost:3000/graphqlXrAfrsWy,404,Not Found,2,274,79,,false,
Procesado,1704,Tue Dec 23 08:28:42 ECT 2025,GET,http://localhost:3000/graphql,304,Not Modified,5,212,0,,false,
Procesado,1705,Tue Dec 23 08:28:42 ECT 2025,POST,http://localhost:3000/graphqlVLUVDKdUOizFMtjcnZkVymYtGdqLmJDcufBShEqOoBWWxtfgCTrCvDhBNDMJgZeIOzhjutAO,404,Not Found,16,275,143,,false,
Procesado,1706,Tue Dec 23 08:28:43 ECT 2025,POST,http://localhost:3000/graphqlZCZURYVnUYaYYITSVLUVDKdUkXJzltQL,404,Not Found,8,275,103,,false,
Procesado,1708,Tue Dec 23 08:28:43 ECT 2025,GET,http://cdn.jsdelivr.net/npm/@apollographql/graphql-playground-react@1.7.42/build/static/css/index.css,301,Moved Permanently,40,405,0,,false,
Procesado,1709,Tue Dec 23 08:28:43 ECT 2025,GET,http://cdn.jsdelivr.net/npm/@apollographql/graphql-playground-react@1.7.42/build/static/js/middleware.js,301,Moved Permanently,44,408,0,,false,
Procesado,1710,Tue Dec 23 08:28:43 ECT 2025,POST,http://localhost:3000/graphqlVLUVDKdUOizFMtjcnZkVymYtGdqLmJDcufBShEqOoBWWxtfgCTrCvDhBNDMJgZeIOzhjutAOkBTWxCsZ,404,Not Found,7,275,151,,false,
Procesado,1713,Tue Dec 23 08:28:44 ECT 2025,GET,http://localhost:3000/graphql,304,Not Modified,16,212,0,,false,
Procesado,1716,Tue Dec 23 08:28:44 ECT 2025,GET,http://cdn.jsdelivr.net/npm/@apollographql/graphql-playground-react@1.7.42/build/static/css/index.css,301,Moved Permanently,43,405,0,,false,
Procesado,1717,Tue Dec 23 08:28:44 ECT 2025,GET,http://cdn.jsdelivr.net/npm/@apollographql/graphql-playground-react@1.7.42/build/static/js/middleware.js,301,Moved Permanently,78,408,0,,false,
Procesado,1718,Tue Dec 23 08:28:44 ECT 2025,POST,http://localhost:3000/graphqlXrAfrsWyIujIjymf,404,Not Found,7,274,87,,false,
Procesado,1722,Tue Dec 23 08:28:45 ECT 2025,POST,http://localhost:3000/graphqlXrAfrsWyIujIjymf,404,Not Found,7,274,87,,false,
Procesado,1725,Tue Dec 23 08:28:46 ECT 2025,POST,http://localhost:3000/graphqlZCZURYVnUYaYYITSVLUVDKdUkXJzltQL,404,Not Found,5,275,103,,false,
Procesado,1726,Tue Dec 23 08:28:47 ECT 2025,GET,http://localhost:3000/graphql,304,Not Modified,2,212,0,,false,
Procesado,1727,Tue Dec 23 08:28:47 ECT 2025,POST,http://localhost:3000/graphqlVLUVDKdUOizFMtjcnZkVymYtGdqLmJDcufBShEqOoBWWxtfgCTrCvDhBNDMJgZeIOzhjutAOkBTWxCsZ,404,Not Found,12,275,151,,false,
Procesado,1729,Tue Dec 23 08:28:47 ECT 2025,GET,http://cdn.jsdelivr.net/npm/@apollographql/graphql-playground-react@1.7.42/build/static/css/index.css,301,Moved Permanently,45,405,0,,false,
Procesado,1730,Tue Dec 23 08:28:47 ECT 2025,GET,http://cdn.jsdelivr.net/npm/@apollographql/graphql-playground-react@1.7.42/build/static/js/middleware.js,301,Moved Permanently,57,408,0,,false,
Procesado,1732,Tue Dec 23 08:28:48 ECT 2025,POST,http://localhost:3000/graphqlZCZURYVnUYaYYITSVLUVDKdUkXJzltQLZCZURYVn,404,Not Found,10,275,111,,false,
Procesado,1735,Tue Dec 23 08:28:48 ECT 2025,POST,http://localhost:3000/graphqlVLUVDKdUOizFMtjcnZkVymYtGdqLmJDcufBShEqOoBWWxtfgCTrCvDhBNDMJgZeIOzhjutAOkBTWxCsZbLcRRpUi,404,Not Found,4,275,159,,false,
Procesado,1738,Tue Dec 23 08:28:49 ECT 2025,POST,http://localhost:3000/graphqlZCZURYVnUYaYYITSVLUVDKdUkXJzltQLZCZURYVn,404,Not Found,10,275,111,,false,
Procesado,1740,Tue Dec 23 08:28:49 ECT 2025,POST,http://localhost:3000/graphqlXrAfrsWyIujIjymf,404,Not Found,16,274,87,,false,
Procesado,1741,Tue Dec 23 08:28:49 ECT 2025,POST,http://localhost:3000/graphqlVLUVDKdUOizFMtjcnZkVymYtGdqLmJDcufBShEqOoBWWxtfgCTrCvDhBNDMJgZeIOzhjutAOkBTWxCsZbLcRRpUi,404,Not Found,5,275,159,,false,
Procesado,1742,Tue Dec 23 08:28:50 ECT 2025,POST,http://localhost:3000/graphqlVLUVDKdUOizFMtjcnZkVymYtGdqLmJDcufBShEqOoBWWxtfgCTrCvDhBNDMJgZeIOzhjutAOkBTWxCsZbLcRRpUiPGFRZwQQ,404,Not Found,9,275,167,,false,
Procesado,1745,Tue Dec 23 08:28:50 ECT 2025,POST,http://localhost:3000/graphqlZCZURYVnUYaYYITSVLUVDKdUkXJzltQLZCZURYVntJWkZrde,404,Not Found,3,275,119,,false,
Procesado,1749,Tue Dec 23 08:28:51 ECT 2025,GET,http://localhost:3000/graphql,200,OK,7,265,18093,,false,
Procesado,1751,Tue Dec 23 08:28:51 ECT 2025,POST,http://localhost:3000/graphqlVLUVDKdUOizFMtjcnZkVymYtGdqLmJDcufBShEqOoBWWxtfgCTrCvDhBNDMJgZeIOzhjutAOkBTWxCsZbLcRRpUiPGFRZwQQ,404,Not Found,3,275,167,,false,
Procesado,1753,Tue Dec 23 08:28:51 ECT 2025,POST,http://localhost:3000/graphqlZCZURYVnUYaYYITSVLUVDKdUkXJzltQLZCZURYVntJWkZrde,404,Not Found,6,275,119,,false,
Procesado,1755,Tue Dec 23 08:28:51 ECT 2025,GET,http://cdn.jsdelivr.net/npm/@apollographql/graphql-playground-react@1.7.42/build/static/js/middleware.js,301,Moved Permanently,43,408,0,,false,
Procesado,1756,Tue Dec 23 08:28:52 ECT 2025,POST,http://localhost:3000/graphqlXrAfrsWyIujIjymfXrAfrsWy,404,Not Found,2,274,95,,false,
Procesado,1759,Tue Dec 23 08:28:51 ECT 2025,GET,http://cdn.jsdelivr.net/npm/@apollographql/graphql-playground-react@1.7.42/build/static/css/index.css,301,Moved Permanently,145,405,0,,false,
Procesado,1761,Tue Dec 23 08:28:52 ECT 2025,POST,http://localhost:3000/graphqlVLUVDKdUOizFMtjcnZkVymYtGdqLmJDcufBShEqOoBWWxtfgCTrCvDhBNDMJgZeIOzhjutAOkBTWxCsZbLcRRpUiPGFRZwQQeBUkpThk,404,Not Found,3,275,175,,false,
Procesado,1764,Tue Dec 23 08:28:52 ECT 2025,GET,http://localhost:3000/graphql,304,Not Modified,10,212,0,,false,
Procesado,1765,Tue Dec 23 08:28:52 ECT 2025,GET,https://cdn.jsdelivr.net/npm/@apollographql/graphql-playground-react@1.7.42/build/static/css/index.css,200,OK,223,763,713,,false,
Procesado,1767,Tue Dec 23 08:28:52 ECT 2025,POST,http://localhost:3000/graphqlXrAfrsWyIujIjymfXrAfrsWy,404,Not Found,4,274,95,,false,
Procesado,1768,Tue Dec 23 08:28:52 ECT 2025,POST,http://localhost:3000/graphqlVLUVDKdUOizFMtjcnZkVymYtGdqLmJDcufBShEqOoBWWxtfgCTrCvDhBNDMJgZeIOzhjutAOkBTWxCsZbLcRRpUiPGFRZwQQeBUkpThk,404,Not Found,4,275,175,,false,
Procesado,1769,Tue Dec 23 08:28:52 ECT 2025,GET,http://cdn.jsdelivr.net/npm/@apollographql/graphql-playground-react@1.7.42/build/static/css/index.css,301,Moved Permanently,433,405,0,,false,
Procesado,1770,Tue Dec 23 08:28:52 ECT 2025,GET,http://cdn.jsdelivr.net/npm/@apollographql/graphql-playground-react@1.7.42/build/static/js/middleware.js,301,Moved Permanently,446,408,0,,false,
Procesado,1771,Tue Dec 23 08:28:53 ECT 2025,POST,http://localhost:3000/graphqlVLUVDKdUOizFMtjcnZkVymYtGdqLmJDcufBShEqOoBWWxtfgCTrCvDhBNDMJgZeIOzhjutAOkBTWxCsZbLcRRpUiPGFRZwQQeBUkpThkMrOqdIUN,404,Not Found,13,275,183,,false,
Procesado,1775,Tue Dec 23 08:28:54 ECT 2025,GET,http://localhost:3000/graphql,304,Not Modified,9,212,0,,false,
Procesado,1776,Tue Dec 23 08:28:52 ECT 2025,GET,https://cdn.jsdelivr.net/npm/@apollographql/graphql-playground-react@1.7.42/build/static/js/middleware.js,200,OK,1951,784,2406901,,false,
Procesado,1778,Tue Dec 23 08:28:54 ECT 2025,GET,http://cdn.jsdelivr.net/npm/@apollographql/graphql-playground-react@1.7.42/build/static/css/index.css,301,Moved Permanently,48,405,0,,false,
Procesado,1779,Tue Dec 23 08:28:54 ECT 2025,GET,http://cdn.jsdelivr.net/npm/@apollographql/graphql-playground-react@1.7.42/build/static/js/middleware.js,301,Moved Permanently,54,408,0,,false,
Procesado,1781,Tue Dec 23 08:28:54 ECT 2025,POST,http://localhost:3000/graphqlXrAfrsWyIujIjymfXrAfrsWyKAvqAKTP,404,Not Found,9,275,103,,false,
Procesado,1785,Tue Dec 23 08:28:55 ECT 2025,POST,http://localhost:3000/graphqlXrAfrsWyIujIjymfXrAfrsWyKAvqAKTP,404,Not Found,6,275,103,,false,
Procesado,1786,Tue Dec 23 08:28:55 ECT 2025,POST,http://localhost:3000/graphqlZCZURYVnUYaYYITSVLUVDKdUkXJzltQLZCZURYVntJWkZrde,404,Not Found,5,275,119,,false,
Procesado,1787,Tue Dec 23 08:28:56 ECT 2025,GET,http://localhost:3000/graphql,304,Not Modified,3,212,0,,false,
Procesado,1789,Tue Dec 23 08:28:56 ECT 2025,GET,http://cdn.jsdelivr.net/npm/@apollographql/graphql-playground-react@1.7.42/build/static/css/index.css,301,Moved Permanently,43,405,0,,false,
Procesado,1790,Tue Dec 23 08:28:56 ECT 2025,GET,http://cdn.jsdelivr.net/npm/@apollographql/graphql-playground-react@1.7.42/build/static/js/middleware.js,301,Moved Permanently,42,408,0,,false,
Procesado,1791,Tue Dec 23 08:28:56 ECT 2025,POST,http://localhost:3000/graphqlVLUVDKdUOizFMtjcnZkVymYtGdqLmJDcufBShEqOoBWWxtfgCTrCvDhBNDMJgZeIOzhjutAOkBTWxCsZbLcRRpUiPGFRZwQQeBUkpThkMrOqdIUN,404,Not Found,6,275,183,,false,
Procesado,1793,Tue Dec 23 08:28:57 ECT 2025,POST,http://localhost:3000/graphqlZCZURYVnUYaYYITSVLUVDKdUkXJzltQLZCZURYVntJWkZrdeXrAfrsWy,404,Not Found,6,275,127,,false,
Procesado,1796,Tue Dec 23 08:28:58 ECT 2025,POST,http://localhost:3000/graphql,200,OK,31,297,43314,,false,
Procesado,1797,Tue Dec 23 08:28:58 ECT 2025,POST,http://localhost:3000/graphqlZCZURYVnUYaYYITSVLUVDKdUkXJzltQLZCZURYVntJWkZrdeXrAfrsWy,404,Not Found,1,275,127,,false,
Procesado,1798,Tue Dec 23 08:28:58 ECT 2025,POST,http://localhost:3000/graphql,200,OK,37,297,43314,,false,
Procesado,1799,Tue Dec 23 08:28:59 ECT 2025,POST,http://localhost:3000/graphqlVLUVDKdUOizFMtjcnZkVymYtGdqLmJDcufBShEqOoBWWxtfgCTrCvDhBNDMJgZeIOzhjutAOkBTWxCsZbLcRRpUiPGFRZwQQeBUkpThkMrOqdIUNsHzvcKUh,404,Not Found,2,275,191,,false,
Procesado,1802,Tue Dec 23 08:28:59 ECT 2025,POST,http://localhost:3000/graphqlXrAfrsWyIujIjymfXrAfrsWyKAvqAKTP,404,Not Found,8,275,103,,false,
Procesado,1803,Tue Dec 23 08:28:59 ECT 2025,GET,http://localhost:3000/graphql,304,Not Modified,15,212,0,,false,
Procesado,1805,Tue Dec 23 08:28:59 ECT 2025,POST,http://localhost:3000/graphqlZCZURYVnUYaYYITSVLUVDKdUkXJzltQLZCZURYVntJWkZrdeXrAfrsWytnPEErFd,404,Not Found,11,275,135,,false,
Procesado,1808,Tue Dec 23 08:28:59 ECT 2025,GET,http://cdn.jsdelivr.net/npm/@apollographql/graphql-playground-react@1.7.42/build/static/css/index.css,301,Moved Permanently,55,405,0,,false,
Procesado,1809,Tue Dec 23 08:28:59 ECT 2025,GET,http://cdn.jsdelivr.net/npm/@apollographql/graphql-playground-react@1.7.42/build/static/js/middleware.js,301,Moved Permanently,51,408,0,,false,
Procesado,1810,Tue Dec 23 08:29:00 ECT 2025,POST,http://localhost:3000/graphqlZCZURYVnUYaYYITSVLUVDKdUkXJzltQLZCZURYVntJWkZrdeXrAfrsWytnPEErFd,404,Not Found,3,275,135,,false,
Procesado,1812,Tue Dec 23 08:29:00 ECT 2025,POST,http://localhost:3000/graphqlZCZURYVn,404,Not Found,1,274,79,,false,
Procesado,1815,Tue Dec 23 08:29:01 ECT 2025,POST,http://localhost:3000/graphqlXrAfrsWyIujIjymfXrAfrsWyKAvqAKTPXrAfrsWy,404,Not Found,4,275,111,,false,
Procesado,1818,Tue Dec 23 08:29:01 ECT 2025,POST,http://localhost:3000/graphqlZCZURYVn,404,Not Found,2,274,79,,false,
Procesado,1819,Tue Dec 23 08:29:01 ECT 2025,POST,http://localhost:3000/graphqlXrAfrsWyIujIjymfXrAfrsWyKAvqAKTPXrAfrsWy,404,Not Found,8,275,111,,false,
Procesado,1820,Tue Dec 23 08:29:02 ECT 2025,GET,http://localhost:3000/graphql,304,Not Modified,7,212,0,,false,
Procesado,1821,Tue Dec 23 08:29:02 ECT 2025,POST,http://localhost:3000/graphqlVLUVDKdUOizFMtjcnZkVymYtGdqLmJDcufBShEqOoBWWxtfgCTrCvDhBNDMJgZeIOzhjutAOkBTWxCsZbLcRRpUiPGFRZwQQeBUkpThkMrOqdIUNsHzvcKUh,404,Not Found,7,275,191,,false,
Procesado,1823,Tue Dec 23 08:29:02 ECT 2025,GET,http://cdn.jsdelivr.net/npm/@apollographql/graphql-playground-react@1.7.42/build/static/css/index.css,301,Moved Permanently,112,405,0,,false,
Procesado,1824,Tue Dec 23 08:29:02 ECT 2025,GET,http://cdn.jsdelivr.net/npm/@apollographql/graphql-playground-react@1.7.42/build/static/js/middleware.js,301,Moved Permanently,100,408,0,,false,
Procesado,1825,Tue Dec 23 08:29:02 ECT 2025,POST,http://localhost:3000/graphqlZCZURYVnUYaYYITSVLUVDKdUkXJzltQLZCZURYVntJWkZrdeXrAfrsWytnPEErFdNQJgfbNc,404,Not Found,9,275,143,,false,
Procesado,1830,Tue Dec 23 08:29:03 ECT 2025,POST,http://localhost:3000/graphqlZCZURYVnUYaYYITSVLUVDKdUkXJzltQLZCZURYVntJWkZrdeXrAfrsWytnPEErFdNQJgfbNc,404,Not Found,5,275,143,,false,
Procesado,1831,Tue Dec 23 08:29:03 ECT 2025,POST,http://localhost:3000/graphqlXrAfrsWyIujIjymfXrAfrsWyKAvqAKTPXrAfrsWyHUttVyLe,404,Not Found,10,275,119,,false,
Procesado,1834,Tue Dec 23 08:29:04 ECT 2025,POST,http://localhost:3000/graphqlZCZURYVnUYaYYITSVLUVDKdUkXJzltQLZCZURYVntJWkZrdeXrAfrsWytnPEErFdNQJgfbNcqePlweQA,404,Not Found,4,275,151,,false,
Procesado,1837,Tue Dec 23 08:29:04 ECT 2025,POST,http://localhost:3000/graphqlVLUVDKdUOizFMtjcnZkVymYtGdqLmJDcufBShEqOoBWWxtfgCTrCvDhBNDMJgZeIOzhjutAOkBTWxCsZbLcRRpUiPGFRZwQQeBUkpThkMrOqdIUNsHzvcKUhdKPmZZft,404,Not Found,10,275,199,,false,
Procesado,1840,Tue Dec 23 08:29:04 ECT 2025,POST,http://localhost:3000/graphqlXrAfrsWyIujIjymfXrAfrsWyKAvqAKTPXrAfrsWyHUttVyLe,404,Not Found,10,275,119,,false,
Procesado,1841,Tue Dec 23 08:29:04 ECT 2025,GET,http://localhost:3000/graphql,304,Not Modified,2,212,0,,false,
Procesado,1843,Tue Dec 23 08:29:05 ECT 2025,GET,http://cdn.jsdelivr.net/npm/@apollographql/graphql-playground-react@1.7.42/build/static/css/index.css,301,Moved Permanently,40,405,0,,false,
Procesado,1844,Tue Dec 23 08:29:05 ECT 2025,GET,http://cdn.jsdelivr.net/npm/@apollographql/graphql-playground-react@1.7.42/build/static/js/middleware.js,301,Moved Permanently,65,408,0,,false,
Procesado,1845,Tue Dec 23 08:29:05 ECT 2025,GET,http://localhost:3000/graphql,304,Not Modified,18,212,0,,false,
Procesado,1846,Tue Dec 23 08:29:05 ECT 2025,POST,http://localhost:3000/graphqlZCZURYVnUYaYYITSVLUVDKdUkXJzltQLZCZURYVntJWkZrdeXrAfrsWytnPEErFdNQJgfbNcqePlweQA,404,Not Found,5,275,151,,false,
Procesado,1847,Tue Dec 23 08:29:05 ECT 2025,POST,http://localhost:3000/graphqlZCZURYVn,404,Not Found,8,274,79,,false,
Procesado,1849,Tue Dec 23 08:29:05 ECT 2025,GET,http://cdn.jsdelivr.net/npm/@apollographql/graphql-playground-react@1.7.42/build/static/css/index.css,301,Moved Permanently,137,405,0,,false,
Procesado,1850,Tue Dec 23 08:29:05 ECT 2025,GET,http://cdn.jsdelivr.net/npm/@apollographql/graphql-playground-react@1.7.42/build/static/js/middleware.js,301,Moved Permanently,122,408,0,,false,
Procesado,1852,Tue Dec 23 08:29:05 ECT 2025,POST,http://localhost:3000/graphqlZCZURYVnUYaYYITSVLUVDKdUkXJzltQLZCZURYVntJWkZrdeXrAfrsWytnPEErFdNQJgfbNcqePlweQAXawlHLZo,404,Not Found,3,275,159,,false,
Procesado,1856,Tue Dec 23 08:29:06 ECT 2025,POST,http://localhost:3000/graphqlZCZURYVnUYaYYITSVLUVDKdUkXJzltQLZCZURYVntJWkZrdeXrAfrsWytnPEErFdNQJgfbNcqePlweQAXawlHLZo,404,Not Found,2,275,159,,false,
Procesado,1857,Tue Dec 23 08:29:07 ECT 2025,POST,http://localhost:3000/graphqlZCZURYVnXrAfrsWy,404,Not Found,9,274,87,,false,
Procesado,1860,Tue Dec 23 08:29:07 ECT 2025,POST,http://localhost:3000/graphqlZCZURYVnUYaYYITSVLUVDKdUkXJzltQLZCZURYVntJWkZrdeXrAfrsWytnPEErFdNQJgfbNcqePlweQAXawlHLZoLlqgyESZ,404,Not Found,3,275,167,,false,
Procesado,1863,Tue Dec 23 08:29:07 ECT 2025,POST,http://localhost:3000/graphqlVLUVDKdUOizFMtjcnZkVymYtGdqLmJDcufBShEqOoBWWxtfgCTrCvDhBNDMJgZeIOzhjutAOkBTWxCsZbLcRRpUiPGFRZwQQeBUkpThkMrOqdIUNsHzvcKUhdKPmZZft,404,Not Found,11,275,199,,false,
Procesado,1864,Tue Dec 23 08:29:07 ECT 2025,POST,http://localhost:3000/graphqlZCZURYVnXrAfrsWy,404,Not Found,2,274,87,,false,
Procesado,1865,Tue Dec 23 08:29:07 ECT 2025,POST,http://localhost:3000/graphqlXrAfrsWyIujIjymfXrAfrsWyKAvqAKTPXrAfrsWyHUttVyLe,404,Not Found,3,275,119,,false,
Procesado,1866,Tue Dec 23 08:29:08 ECT 2025,POST,http://localhost:3000/graphqlZCZURYVnUYaYYITSVLUVDKdUkXJzltQLZCZURYVntJWkZrdeXrAfrsWytnPEErFdNQJgfbNcqePlweQAXawlHLZoLlqgyESZ,404,Not Found,7,275,167,,false,
Procesado,1867,Tue Dec 23 08:29:08 ECT 2025,GET,http://localhost:3000/graphql,304,Not Modified,8,212,0,,false,
Procesado,1869,Tue Dec 23 08:29:08 ECT 2025,GET,http://cdn.jsdelivr.net/npm/@apollographql/graphql-playground-react@1.7.42/build/static/css/index.css,301,Moved Permanently,41,405,0,,false,
Procesado,1870,Tue Dec 23 08:29:08 ECT 2025,GET,http://cdn.jsdelivr.net/npm/@apollographql/graphql-playground-react@1.7.42/build/static/js/middleware.js,301,Moved Permanently,142,408,0,,false,
Procesado,1871,Tue Dec 23 08:29:08 ECT 2025,POST,http://localhost:3000/graphqlZCZURYVnUYaYYITSVLUVDKdUkXJzltQLZCZURYVntJWkZrdeXrAfrsWytnPEErFdNQJgfbNcqePlweQAXawlHLZoLlqgyESZGMMCReyC,404,Not Found,6,275,175,,false,
Procesado,1874,Tue Dec 23 08:29:09 ECT 2025,POST,http://localhost:3000/graphqlVLUVDKdUOizFMtjcnZkVymYtGdqLmJDcufBShEqOoBWWxtfgCTrCvDhBNDMJgZeIOzhjutAOkBTWxCsZbLcRRpUiPGFRZwQQeBUkpThkMrOqdIUNsHzvcKUhdKPmZZftdKPmZZft,404,Not Found,4,275,207,,false,
Procesado,1878,Tue Dec 23 08:29:09 ECT 2025,POST,http://localhost:3000/graphqlZCZURYVnUYaYYITSVLUVDKdUkXJzltQLZCZURYVntJWkZrdeXrAfrsWytnPEErFdNQJgfbNcqePlweQAXawlHLZoLlqgyESZGMMCReyC,404,Not Found,4,275,175,,false,
Fuera del Ámbito,1536,Tue Dec 23 08:27:59 ECT 2025,GET,"https://fonts.googleapis.com/css?family=Open+Sans:300,400,600,700%7CSource+Code+Pro:400,700",403,Forbidden,0,130,51,,false,
Fuera del Ámbito,1550,Tue Dec 23 08:28:00 ECT 2025,GET,https://content-signature-2.cdn.mozilla.net/g/chains/202402/remote-settings.content-signature.mozilla.org-2026-01-27-09-17-39.chain,403,Forbidden,0,130,51,,false,
Fuera del Ámbito,1551,Tue Dec 23 08:28:00 ECT 2025,GET,https://content-signature-2.cdn.mozilla.net/g/chains/202402/remote-settings.content-signature.mozilla.org-2026-01-27-09-17-39.chain,403,Forbidden,0,130,51,,false,
Fuera del Ámbito,1552,Tue Dec 23 08:28:00 ECT 2025,GET,https://content-signature-2.cdn.mozilla.net/g/chains/202402/remote-settings.content-signature.mozilla.org-2026-01-27-09-17-39.chain,403,Forbidden,0,130,51,,false,
Fuera del Ámbito,1553,Tue Dec 23 08:28:00 ECT 2025,GET,https://content-signature-2.cdn.mozilla.net/g/chains/202402/remote-settings.content-signature.mozilla.org-2026-01-27-09-17-39.chain,403,Forbidden,0,130,51,,false,
Fuera del Ámbito,1554,Tue Dec 23 08:28:00 ECT 2025,GET,https://content-signature-2.cdn.mozilla.net/g/chains/202402/remote-settings.content-signature.mozilla.org-2026-01-27-09-17-39.chain,403,Forbidden,0,130,51,,false,
Fuera del Ámbito,1555,Tue Dec 23 08:28:01 ECT 2025,GET,https://content-signature-2.cdn.mozilla.net/g/chains/202402/remote-settings.content-signature.mozilla.org-2026-01-27-09-17-39.chain,403,Forbidden,0,130,51,,false,
Fuera del Ámbito,1556,Tue Dec 23 08:28:01 ECT 2025,GET,https://content-signature-2.cdn.mozilla.net/g/chains/202402/remote-settings.content-signature.mozilla.org-2026-01-27-09-17-39.chain,403,Forbidden,0,130,51,,false,
Fuera del Ámbito,1557,Tue Dec 23 08:28:01 ECT 2025,GET,https://content-signature-2.cdn.mozilla.net/g/chains/202402/remote-settings.content-signature.mozilla.org-2026-01-27-09-17-39.chain,403,Forbidden,0,130,51,,false,
Fuera del Ámbito,1558,Tue Dec 23 08:28:01 ECT 2025,GET,https://content-signature-2.cdn.mozilla.net/g/chains/202402/remote-settings.content-signature.mozilla.org-2026-01-27-09-17-39.chain,403,Forbidden,0,130,51,,false,
Fuera del Ámbito,1559,Tue Dec 23 08:28:01 ECT 2025,GET,https://content-signature-2.cdn.mozilla.net/g/chains/202402/remote-settings.content-signature.mozilla.org-2026-01-27-09-17-39.chain,403,Forbidden,0,130,51,,false,
Fuera del Ámbito,1560,Tue Dec 23 08:28:01 ECT 2025,GET,https://content-signature-2.cdn.mozilla.net/g/chains/202402/remote-settings.content-signature.mozilla.org-2026-01-27-09-17-39.chain,403,Forbidden,0,130,51,,false,
Fuera del Ámbito,1561,Tue Dec 23 08:28:01 ECT 2025,GET,https://content-signature-2.cdn.mozilla.net/g/chains/202402/remote-settings.content-signature.mozilla.org-2026-01-27-09-17-39.chain,403,Forbidden,0,130,51,,false,
Fuera del Ámbito,1562,Tue Dec 23 08:28:01 ECT 2025,GET,https://content-signature-2.cdn.mozilla.net/g/chains/202402/remote-settings.content-signature.mozilla.org-2026-01-27-09-17-39.chain,403,Forbidden,0,130,51,,false,
Fuera del Ámbito,1563,Tue Dec 23 08:28:01 ECT 2025,GET,https://content-signature-2.cdn.mozilla.net/g/chains/202402/remote-settings.content-signature.mozilla.org-2026-01-27-09-17-39.chain,403,Forbidden,0,130,51,,false,
Fuera del Ámbito,1564,Tue Dec 23 08:28:01 ECT 2025,GET,https://content-signature-2.cdn.mozilla.net/g/chains/202402/remote-settings.content-signature.mozilla.org-2026-01-27-09-17-39.chain,403,Forbidden,0,130,51,,false,
Fuera del Ámbito,1565,Tue Dec 23 08:28:01 ECT 2025,GET,https://content-signature-2.cdn.mozilla.net/g/chains/202402/remote-settings.content-signature.mozilla.org-2026-01-27-09-17-39.chain,403,Forbidden,0,130,51,,false,
Fuera del Ámbito,1566,Tue Dec 23 08:28:01 ECT 2025,GET,https://firefox.settings.services.mozilla.com/v1/buckets/monitor/collections/changes/changeset?collection=remote-permissions&bucket=main&_expected=0,403,Forbidden,0,130,51,,false,
Fuera del Ámbito,1567,Tue Dec 23 08:28:01 ECT 2025,GET,https://firefox.settings.services.mozilla.com/v1/buckets/monitor/collections/changes/changeset?collection=third-party-cookie-blocking-exempt-urls&bucket=main&_expected=0,403,Forbidden,0,130,51,,false,
Fuera del Ámbito,1568,Tue Dec 23 08:28:01 ECT 2025,GET,https://firefox.settings.services.mozilla.com/v1/buckets/monitor/collections/changes/changeset?collection=url-classifier-exceptions&bucket=main&_expected=0,403,Forbidden,0,130,51,,false,
Fuera del Ámbito,1569,Tue Dec 23 08:28:01 ECT 2025,GET,https://firefox.settings.services.mozilla.com/v1/buckets/monitor/collections/changes/changeset?collection=search-categorization&bucket=main&_expected=0,403,Forbidden,0,130,51,,false,
Fuera del Ámbito,1570,Tue Dec 23 08:28:01 ECT 2025,GET,https://firefox.settings.services.mozilla.com/v1/buckets/monitor/collections/changes/changeset?collection=query-stripping&bucket=main&_expected=0,403,Forbidden,0,130,51,,false,
Fuera del Ámbito,1571,Tue Dec 23 08:28:01 ECT 2025,GET,https://firefox.settings.services.mozilla.com/v1/buckets/monitor/collections/changes/changeset?collection=partitioning-exempt-urls&bucket=main&_expected=0,403,Forbidden,0,130,51,,false,
Fuera del Ámbito,1572,Tue Dec 23 08:28:01 ECT 2025,GET,https://firefox.settings.services.mozilla.com/v1/buckets/monitor/collections/changes/changeset?collection=fingerprinting-protection-overrides&bucket=main&_expected=0,403,Forbidden,0,130,51,,false,
Fuera del Ámbito,1573,Tue Dec 23 08:28:01 ECT 2025,GET,https://firefox.settings.services.mozilla.com/v1/buckets/monitor/collections/changes/changeset?collection=nimbus-desktop-experiments&bucket=main&_expected=0,403,Forbidden,0,130,51,,false,
Fuera del Ámbito,1574,Tue Dec 23 08:28:01 ECT 2025,GET,https://firefox.settings.services.mozilla.com/v1/buckets/monitor/collections/changes/changeset?collection=tracking-protection-lists&bucket=main&_expected=0,403,Forbidden,0,130,51,,false,
Fuera del Ámbito,1577,Tue Dec 23 08:28:02 ECT 2025,GET,http://cdn.jsdelivr.net/npm/@apollographql/graphql-playground-react@1.7.42/build/favicon.png,403,Forbidden,0,130,51,,false,
Fuera del Ámbito,1581,Tue Dec 23 08:28:06 ECT 2025,GET,"https://fonts.googleapis.com/css?family=Open+Sans:300,400,600,700%7CSource+Code+Pro:400,700",403,Forbidden,0,130,51,,false,
Fuera del Ámbito,1584,Tue Dec 23 08:28:07 ECT 2025,GET,http://cdn.jsdelivr.net/npm/@apollographql/graphql-playground-react@1.7.42/build/favicon.png,403,Forbidden,0,130,51,,false,
Fuera del Ámbito,1587,Tue Dec 23 08:28:11 ECT 2025,GET,https://firefox.settings.services.mozilla.com/v1/buckets/monitor/collections/changes/changeset?collection=fxrelay-denylist&bucket=main&_expected=0,403,Forbidden,0,130,51,,false,
Fuera del Ámbito,1588,Tue Dec 23 08:28:11 ECT 2025,GET,https://firefox.settings.services.mozilla.com/v1/buckets/monitor/collections/changes/changeset?collection=fxrelay-allowlist&bucket=main&_expected=0,403,Forbidden,0,130,51,,false,
Fuera del Ámbito,1593,Tue Dec 23 08:28:15 ECT 2025,GET,https://www.apollographql.com/docs/apollo-server/federation/introduction,403,Forbidden,0,130,51,,false,
Fuera del Ámbito,1594,Tue Dec 23 08:28:15 ECT 2025,GET,https://www.apollographql.com/favicon.ico,403,Forbidden,0,130,51,,false,
Fuera del Ámbito,1599,Tue Dec 23 08:28:17 ECT 2025,GET,"https://fonts.googleapis.com/css?family=Open+Sans:300,400,600,700%7CSource+Code+Pro:400,700",403,Forbidden,0,130,51,,false,
Fuera del Ámbito,1600,Tue Dec 23 08:28:18 ECT 2025,GET,https://firefox-settings-attachments.cdn.mozilla.net/main-workspace/tracking-protection-lists/4638171c-3218-4bf0-af68-d762778aa7ff,403,Forbidden,0,130,51,,false,
Fuera del Ámbito,1601,Tue Dec 23 08:28:18 ECT 2025,GET,https://firefox-settings-attachments.cdn.mozilla.net/main-workspace/tracking-protection-lists/4638171c-3218-4bf0-af68-d762778aa7ff,403,Forbidden,0,130,51,,false,
Fuera del Ámbito,1603,Tue Dec 23 08:28:18 ECT 2025,GET,https://firefox-settings-attachments.cdn.mozilla.net/main-workspace/tracking-protection-lists/4638171c-3218-4bf0-af68-d762778aa7ff,403,Forbidden,0,130,51,,false,
Fuera del Ámbito,1604,Tue Dec 23 08:28:18 ECT 2025,GET,https://firefox-settings-attachments.cdn.mozilla.net/main-workspace/tracking-protection-lists/4638171c-3218-4bf0-af68-d762778aa7ff,403,Forbidden,0,130,51,,false,
Fuera del Ámbito,1606,Tue Dec 23 08:28:20 ECT 2025,GET,http://cdn.jsdelivr.net/npm/@apollographql/graphql-playground-react@1.7.42/build/favicon.png,403,Forbidden,0,130,51,,false,
Fuera del Ámbito,1610,Tue Dec 23 08:28:20 ECT 2025,GET,https://firefox.settings.services.mozilla.com/v1/buckets/monitor/collections/changes/changeset?_expected=0,403,Forbidden,0,130,51,,false,
Fuera del Ámbito,1613,Tue Dec 23 08:28:21 ECT 2025,GET,"https://fonts.googleapis.com/css?family=Open+Sans:300,400,600,700%7CSource+Code+Pro:400,700",403,Forbidden,0,130,51,,false,
Fuera del Ámbito,1616,Tue Dec 23 08:28:22 ECT 2025,GET,http://cdn.jsdelivr.net/npm/@apollographql/graphql-playground-react@1.7.42/build/favicon.png,403,Forbidden,0,130,51,,false,
Fuera del Ámbito,1620,Tue Dec 23 08:28:24 ECT 2025,GET,https://firefox.settings.services.mozilla.com/v1/buckets/monitor/collections/changes/changeset?collection=fxrelay-denylist&bucket=main&_expected=0,403,Forbidden,0,130,51,,false,
Fuera del Ámbito,1621,Tue Dec 23 08:28:24 ECT 2025,GET,https://firefox.settings.services.mozilla.com/v1/buckets/monitor/collections/changes/changeset?collection=fxrelay-allowlist&bucket=main&_expected=0,403,Forbidden,0,130,51,,false,
Fuera del Ámbito,1629,Tue Dec 23 08:28:25 ECT 2025,GET,"https://fonts.googleapis.com/css?family=Open+Sans:300,400,600,700%7CSource+Code+Pro:400,700",403,Forbidden,0,130,51,,false,
Fuera del Ámbito,1633,Tue Dec 23 08:28:26 ECT 2025,GET,http://cdn.jsdelivr.net/npm/@apollographql/graphql-playground-react@1.7.42/build/favicon.png,403,Forbidden,0,130,51,,false,
Fuera del Ámbito,1638,Tue Dec 23 08:28:27 ECT 2025,GET,https://www.apollographql.com/docs/apollo-server/federation/introduction,403,Forbidden,0,130,51,,false,
Fuera del Ámbito,1639,Tue Dec 23 08:28:28 ECT 2025,GET,https://www.apollographql.com/favicon.ico,403,Forbidden,0,130,51,,false,
Fuera del Ámbito,1645,Tue Dec 23 08:28:29 ECT 2025,GET,"https://fonts.googleapis.com/css?family=Open+Sans:300,400,600,700%7CSource+Code+Pro:400,700",403,Forbidden,0,130,51,,false,
Fuera del Ámbito,1648,Tue Dec 23 08:28:30 ECT 2025,GET,https://firefox-settings-attachments.cdn.mozilla.net/main-workspace/tracking-protection-lists/4638171c-3218-4bf0-af68-d762778aa7ff,403,Forbidden,0,130,51,,false,
Fuera del Ámbito,1651,Tue Dec 23 08:28:30 ECT 2025,GET,https://firefox-settings-attachments.cdn.mozilla.net/main-workspace/tracking-protection-lists/4638171c-3218-4bf0-af68-d762778aa7ff,403,Forbidden,0,130,51,,false,
Fuera del Ámbito,1652,Tue Dec 23 08:28:30 ECT 2025,GET,https://firefox-settings-attachments.cdn.mozilla.net/main-workspace/tracking-protection-lists/4638171c-3218-4bf0-af68-d762778aa7ff,403,Forbidden,0,130,51,,false,
Fuera del Ámbito,1653,Tue Dec 23 08:28:30 ECT 2025,GET,http://cdn.jsdelivr.net/npm/@apollographql/graphql-playground-react@1.7.42/build/favicon.png,403,Forbidden,0,130,51,,false,
Fuera del Ámbito,1654,Tue Dec 23 08:28:30 ECT 2025,GET,https://firefox-settings-attachments.cdn.mozilla.net/main-workspace/tracking-protection-lists/4638171c-3218-4bf0-af68-d762778aa7ff,403,Forbidden,0,130,51,,false,
Fuera del Ámbito,1657,Tue Dec 23 08:28:31 ECT 2025,GET,"https://fonts.googleapis.com/css?family=Open+Sans:300,400,600,700%7CSource+Code+Pro:400,700",403,Forbidden,0,130,51,,false,
Fuera del Ámbito,1665,Tue Dec 23 08:28:34 ECT 2025,GET,http://cdn.jsdelivr.net/npm/@apollographql/graphql-playground-react@1.7.42/build/favicon.png,403,Forbidden,0,130,51,,false,
Fuera del Ámbito,1673,Tue Dec 23 08:28:35 ECT 2025,GET,https://www.apollographql.com/docs/apollo-server/federation/introduction,403,Forbidden,0,130,51,,false,
Fuera del Ámbito,1688,Tue Dec 23 08:28:40 ECT 2025,GET,https://firefox.settings.services.mozilla.com/v1/buckets/monitor/collections/changes/changeset?_expected=0,403,Forbidden,0,130,51,,false,
Fuera del Ámbito,1689,Tue Dec 23 08:28:40 ECT 2025,GET,https://firefox.settings.services.mozilla.com/v1/buckets/monitor/collections/changes/changeset?collection=fxrelay-denylist&bucket=main&_expected=0,403,Forbidden,0,130,51,,false,
Fuera del Ámbito,1693,Tue Dec 23 08:28:41 ECT 2025,GET,https://firefox.settings.services.mozilla.com/v1/buckets/monitor/collections/changes/changeset?collection=fxrelay-allowlist&bucket=main&_expected=0,403,Forbidden,0,130,51,,false,
Fuera del Ámbito,1707,Tue Dec 23 08:28:43 ECT 2025,GET,"https://fonts.googleapis.com/css?family=Open+Sans:300,400,600,700%7CSource+Code+Pro:400,700",403,Forbidden,0,130,51,,false,
Fuera del Ámbito,1714,Tue Dec 23 08:28:44 ECT 2025,GET,http://cdn.jsdelivr.net/npm/@apollographql/graphql-playground-react@1.7.42/build/favicon.png,403,Forbidden,0,130,51,,false,
Fuera del Ámbito,1715,Tue Dec 23 08:28:44 ECT 2025,GET,"https://fonts.googleapis.com/css?family=Open+Sans:300,400,600,700%7CSource+Code+Pro:400,700",403,Forbidden,0,130,51,,false,
Fuera del Ámbito,1721,Tue Dec 23 08:28:45 ECT 2025,GET,http://cdn.jsdelivr.net/npm/@apollographql/graphql-playground-react@1.7.42/build/favicon.png,403,Forbidden,0,130,51,,false,
Fuera del Ámbito,1723,Tue Dec 23 08:28:45 ECT 2025,GET,https://www.apollographql.com/docs/apollo-server/federation/introduction,403,Forbidden,0,130,51,,false,
Fuera del Ámbito,1724,Tue Dec 23 08:28:45 ECT 2025,GET,https://www.apollographql.com/favicon.ico,403,Forbidden,0,130,51,,false,
Fuera del Ámbito,1728,Tue Dec 23 08:28:47 ECT 2025,GET,"https://fonts.googleapis.com/css?family=Open+Sans:300,400,600,700%7CSource+Code+Pro:400,700",403,Forbidden,0,130,51,,false,
Fuera del Ámbito,1731,Tue Dec 23 08:28:48 ECT 2025,GET,http://cdn.jsdelivr.net/npm/@apollographql/graphql-playground-react@1.7.42/build/favicon.png,403,Forbidden,0,130,51,,false,
Fuera del Ámbito,1739,Tue Dec 23 08:28:49 ECT 2025,GET,https://firefox.settings.services.mozilla.com/v1/buckets/monitor/collections/changes/changeset?_expected=0,403,Forbidden,0,130,51,,false,
Fuera del Ámbito,1748,Tue Dec 23 08:28:51 ECT 2025,GET,https://firefox-settings-attachments.cdn.mozilla.net/main-workspace/tracking-protection-lists/4638171c-3218-4bf0-af68-d762778aa7ff,403,Forbidden,0,130,51,,false,
Fuera del Ámbito,1750,Tue Dec 23 08:28:51 ECT 2025,GET,https://firefox-settings-attachments.cdn.mozilla.net/main-workspace/tracking-protection-lists/4638171c-3218-4bf0-af68-d762778aa7ff,403,Forbidden,0,130,51,,false,
Fuera del Ámbito,1752,Tue Dec 23 08:28:51 ECT 2025,GET,https://firefox-settings-attachments.cdn.mozilla.net/main-workspace/tracking-protection-lists/4638171c-3218-4bf0-af68-d762778aa7ff,403,Forbidden,0,130,51,,false,
Fuera del Ámbito,1754,Tue Dec 23 08:28:51 ECT 2025,GET,https://firefox-settings-attachments.cdn.mozilla.net/main-workspace/tracking-protection-lists/4638171c-3218-4bf0-af68-d762778aa7ff,403,Forbidden,0,130,51,,false,
Fuera del Ámbito,1760,Tue Dec 23 08:28:52 ECT 2025,GET,"https://fonts.googleapis.com/css?family=Open+Sans:300,400,600,700%7CSource+Code+Pro:400,700",403,Forbidden,0,130,51,,false,
Fuera del Ámbito,1766,Tue Dec 23 08:28:52 ECT 2025,GET,"https://fonts.googleapis.com/css?family=Open+Sans:300,400,600,700%7CSource+Code+Pro:400,700",403,Forbidden,0,130,51,,false,
Fuera del Ámbito,1774,Tue Dec 23 08:28:53 ECT 2025,GET,http://cdn.jsdelivr.net/npm/@apollographql/graphql-playground-react@1.7.42/build/favicon.png,403,Forbidden,0,130,51,,false,
Fuera del Ámbito,1777,Tue Dec 23 08:28:54 ECT 2025,GET,"https://fonts.googleapis.com/css?family=Open+Sans:300,400,600,700%7CSource+Code+Pro:400,700",403,Forbidden,0,130,51,,false,
Fuera del Ámbito,1780,Tue Dec 23 08:28:54 ECT 2025,GET,http://cdn.jsdelivr.net/npm/@apollographql/graphql-playground-react@1.7.42/build/favicon.png,403,Forbidden,0,130,51,,false,
Fuera del Ámbito,1784,Tue Dec 23 08:28:55 ECT 2025,GET,http://cdn.jsdelivr.net/npm/@apollographql/graphql-playground-react@1.7.42/build/favicon.png,403,Forbidden,0,130,51,,false,
Fuera del Ámbito,1788,Tue Dec 23 08:28:56 ECT 2025,GET,"https://fonts.googleapis.com/css?family=Open+Sans:300,400,600,700%7CSource+Code+Pro:400,700",403,Forbidden,0,130,51,,false,
Fuera del Ámbito,1792,Tue Dec 23 08:28:57 ECT 2025,GET,http://cdn.jsdelivr.net/npm/@apollographql/graphql-playground-react@1.7.42/build/favicon.png,403,Forbidden,0,130,51,,false,
Fuera del Ámbito,1804,Tue Dec 23 08:28:59 ECT 2025,GET,"https://fonts.googleapis.com/css?family=Open+Sans:300,400,600,700%7CSource+Code+Pro:400,700",403,Forbidden,0,130,51,,false,
Fuera del Ámbito,1811,Tue Dec 23 08:29:00 ECT 2025,GET,http://cdn.jsdelivr.net/npm/@apollographql/graphql-playground-react@1.7.42/build/favicon.png,403,Forbidden,0,130,51,,false,
Fuera del Ámbito,1813,Tue Dec 23 08:29:00 ECT 2025,GET,https://firefox.settings.services.mozilla.com/v1/buckets/monitor/collections/changes/changeset?collection=fxrelay-denylist&bucket=main&_expected=0,403,Forbidden,0,130,51,,false,
Fuera del Ámbito,1814,Tue Dec 23 08:29:01 ECT 2025,GET,https://firefox.settings.services.mozilla.com/v1/buckets/monitor/collections/changes/changeset?collection=fxrelay-allowlist&bucket=main&_expected=0,403,Forbidden,0,130,51,,false,
Fuera del Ámbito,1822,Tue Dec 23 08:29:02 ECT 2025,GET,"https://fonts.googleapis.com/css?family=Open+Sans:300,400,600,700%7CSource+Code+Pro:400,700",403,Forbidden,0,130,51,,false,
Fuera del Ámbito,1828,Tue Dec 23 08:29:03 ECT 2025,GET,https://firefox.settings.services.mozilla.com/v1/buckets/monitor/collections/changes/changeset?_expected=0,403,Forbidden,0,130,51,,false,
Fuera del Ámbito,1829,Tue Dec 23 08:29:03 ECT 2025,GET,http://cdn.jsdelivr.net/npm/@apollographql/graphql-playground-react@1.7.42/build/favicon.png,403,Forbidden,0,130,51,,false,
Fuera del Ámbito,1842,Tue Dec 23 08:29:04 ECT 2025,GET,"https://fonts.googleapis.com/css?family=Open+Sans:300,400,600,700%7CSource+Code+Pro:400,700",403,Forbidden,0,130,51,,false,
Fuera del Ámbito,1848,Tue Dec 23 08:29:05 ECT 2025,GET,"https://fonts.googleapis.com/css?family=Open+Sans:300,400,600,700%7CSource+Code+Pro:400,700",403,Forbidden,0,130,51,,false,
Fuera del Ámbito,1851,Tue Dec 23 08:29:05 ECT 2025,GET,http://cdn.jsdelivr.net/npm/@apollographql/graphql-playground-react@1.7.42/build/favicon.png,403,Forbidden,0,130,51,,false,
Fuera del Ámbito,1855,Tue Dec 23 08:29:06 ECT 2025,GET,http://cdn.jsdelivr.net/npm/@apollographql/graphql-playground-react@1.7.42/build/favicon.png,403,Forbidden,0,130,51,,false,
Fuera del Ámbito,1868,Tue Dec 23 08:29:08 ECT 2025,GET,"https://fonts.googleapis.com/css?family=Open+Sans:300,400,600,700%7CSource+Code+Pro:400,700",403,Forbidden,0,130,51,,false,
Fuera del Ámbito,1877,Tue Dec 23 08:29:09 ECT 2025,GET,http://cdn.jsdelivr.net/npm/@apollographql/graphql-playground-react@1.7.42/build/favicon.png,403,Forbidden,0,130,51,,false,
